State name,Latitude,Longitude,District code,District name,Population,Households_with_Internet,sex_ratio,literacy_rate
JAMMU AND KASHMIR,33.565994894894914,76.63675315315312,4,Kargil,140802,235,810.14,61.25
JAMMU AND KASHMIR,33.791241290322574,74.29593161290322,5,Punch,476835,346,892.96,54.89
JAMMU AND KASHMIR,32.51781678321678,75.58901398601404,7,Kathua,616435,1443,890.27,63.14
JAMMU AND KASHMIR,34.27312898550724,75.11021159420288,10,Srinagar,1236829,16413,899.53,60.52
JAMMU AND KASHMIR,33.88414418604652,75.00921860465118,12,Pulwama,560440,1537,912.35,52.45
JAMMU AND KASHMIR,33.359614675767915,76.07163720136518,16,Doda,409936,596,918.81,53.44
JAMMU AND KASHMIR,33.04770670731707,75.15286951219511,19,Udhampur,554985,1214,870.0,58.08
JAMMU AND KASHMIR,32.713199095022645,74.8477520361991,21,Jammu,1529958,19905,879.97,74.32
HIMACHAL PRADESH,32.66741814595661,76.39354063116366,23,Chamba,519080,1615,986.38,62.39
HIMACHAL PRADESH,32.14093603238864,76.41205910931173,24,Kangra,1510075,8053,1011.85,76.33
HIMACHAL PRADESH,31.90911922077925,77.40922649350647,26,Kullu,437903,2623,942.33,70.26
HIMACHAL PRADESH,31.635805940594054,76.96556930693067,27,Mandi,999777,5333,1007.32,72.39
HIMACHAL PRADESH,31.67668481012659,76.49767088607594,28,Hamirpur,454768,2521,1095.03,78.74
HIMACHAL PRADESH,25.738158381502892,79.82619479768789,28,Hamirpur,454768,2521,1095.03,78.74
UTTAR PRADESH,31.67668481012659,76.49767088607594,168,Hamirpur,1104285,1196,860.52,59.16
UTTAR PRADESH,25.738158381502892,79.82619479768789,168,Hamirpur,1104285,1196,860.52,59.16
HIMACHAL PRADESH,31.58330388349513,76.18353932038836,29,Una,521173,2412,976.45,76.7
HIMACHAL PRADESH,22.356942982456143,81.99770350877188,30,Bilaspur,381956,1574,981.47,75.3
HIMACHAL PRADESH,31.3780422907489,76.65316079295157,30,Bilaspur,381956,1574,981.47,75.3
CHHATTISGARH,22.356942982456143,81.99770350877188,406,Bilaspur,2663629,8566,970.76,59.94
CHHATTISGARH,31.3780422907489,76.65316079295157,406,Bilaspur,2663629,8566,970.76,59.94
HIMACHAL PRADESH,31.03864311926604,76.94442140672783,31,Solan,580320,5250,879.55,73.85
HIMACHAL PRADESH,30.682764453961443,77.43184689507493,32,Sirmaur,529855,2220,917.76,68.44
HIMACHAL PRADESH,31.155725451807253,77.62573042168668,33,Shimla,814010,9177,915.14,75.26
HIMACHAL PRADESH,31.60667184065933,78.51613736263741,34,Kinnaur,84121,354,818.87,72.16
PUNJAB,32.04283371212125,75.3204064393939,35,Gurdaspur,2298323,14428,895.34,71.13
PUNJAB,31.336592638036837,75.47641165644177,36,Kapurthala,815168,9732,912.14,70.73
PUNJAB,31.250336907216507,75.54400350515463,37,Jalandhar,2193590,39082,915.45,73.97
PUNJAB,31.55157169811319,75.8469857442349,38,Hoshiarpur,1586625,13747,961.08,75.61
PUNJAB,30.64290947368421,76.36208394736842,40,Fatehgarh Sahib,600163,5138,870.86,70.99
PUNJAB,30.76596397379912,75.83110851528383,41,Ludhiana,3498739,58589,873.17,73.18
PUNJAB,30.756540067340065,75.1600845117845,42,Moga,995746,7897,893.34,63.06
PUNJAB,30.63407535211269,74.40245732394365,43,Firozpur,2029074,10042,893.43,60.5
PUNJAB,30.31243303303303,74.5518747747748,44,Muktsar,901896,4571,896.25,58.19
PUNJAB,30.591187250996025,74.79751553784862,45,Faridkot,617508,4348,890.31,61.75
PUNJAB,30.190524611973352,75.05685898004438,46,Bathinda,1388525,11284,868.31,60.85
PUNJAB,29.919547714285724,75.4304922857143,47,Mansa,769751,2673,883.27,55.03
PUNJAB,30.214540380693364,76.27505893949697,48,Patiala,1895686,24274,890.92,66.82
PUNJAB,31.548679820627772,74.79883856502238,49,Amritsar,2490656,29961,889.14,67.64
PUNJAB,30.910937330754347,76.53743500967126,51,Rupnagar,684627,6600,915.12,73.43
PUNJAB,30.185045204336895,75.89437014178496,53,Sangrur,1655169,10736,885.1,60.54
CHANDIGARH,30.7426,76.75872465753424,55,Chandigarh,1055450,44283,817.66,76.31
UTTARAKHAND,30.968958552036234,78.56880615384617,56,Uttarkashi,330086,602,957.84,65.17
UTTARAKHAND,30.58338611464965,79.56281095541402,57,Chamoli,391605,899,1018.68,71.64
UTTARAKHAND,30.463700918635173,78.48783792650917,59,Tehri Garhwal,618931,1366,1077.05,65.92
UTTARAKHAND,30.14720631868129,80.34229230769236,62,Pithoragarh,483439,1344,1020.17,71.48
UTTARAKHAND,29.98703393393397,79.83954354354357,63,Bageshwar,259898,435,1090.46,69.06
UTTARAKHAND,29.683532133676103,79.50165064267351,64,Almora,622506,1830,1138.6,70.12
UTTARAKHAND,29.29142393939393,80.07720212121217,65,Champawat,259648,548,980.16,68.45
UTTARAKHAND,29.02779577677222,79.45629004524895,67,Udham Singh Nagar,1648902,7883,920.04,62.94
HARYANA,30.700897142857134,76.97173238095236,69,Panchkula,561293,18615,872.98,72.21
HARYANA,30.3503672316384,76.94970310734456,70,Ambala,1128350,12899,884.66,72.5
HARYANA,30.05652659846548,76.78774680306903,72,Kurukshetra,964655,7356,887.87,67.06
HARYANA,29.96068539094649,76.37698930041155,73,Kaithal,1074304,3724,881.43,60.18
HARYANA,29.703200647249204,76.87488025889972,74,Karnal,1505324,11163,887.05,64.97
HARYANA,29.34352134146342,76.92895914634147,75,Panipat,1205437,10024,863.53,65.25
HARYANA,29.45149821958457,76.29598575667653,77,Jind,1334152,5263,871.17,62.42
HARYANA,29.57298318584072,75.54608716814157,78,Fatehabad,942011,3210,901.67,59.19
HARYANA,29.63583446327684,74.90970480225988,79,Sirsa,1295189,6287,897.48,60.45
HARYANA,29.23628731117825,75.84324682779452,80,Hisar,1743931,10132,872.05,63.9
HARYANA,28.728868064516128,76.02110225806452,81,Bhiwani,1634445,5292,885.89,65.46
HARYANA,28.892517647058817,76.53123235294117,82,Rohtak,1061204,8482,866.74,70.45
HARYANA,28.59651868131869,76.61137142857145,83,Jhajjar,958405,5034,862.18,70.54
HARYANA,28.1352161458333,76.14018072916659,84,Mahendragarh,922088,2624,894.71,68.35
HARYANA,28.19164714828897,76.55956007604564,85,Rewari,900332,5121,898.09,70.75
HARYANA,28.043894789579163,77.01935130260523,86,Gurgaon,1514432,67087,854.35,73.37
HARYANA,28.14873109756098,77.32718536585368,88,Faridabad,1809733,43437,873.22,70.33
NCT OF DELHI,27.29600352941175,88.74908392156858,93,East,1709346,80037,883.58,79.15
RAJASTHAN,29.256785412667963,73.56192303262948,99,Ganganagar,1969168,6295,887.37,60.6
RAJASTHAN,29.1813351791531,74.74632573289902,100,Hanumangarh,1774692,3360,905.84,58.27
RAJASTHAN,28.12489068322981,73.26943322981371,101,Bikaner,2363937,7607,905.17,54.1
RAJASTHAN,28.29330375536484,74.65846427038629,102,Churu,2039547,2577,939.75,56.35
RAJASTHAN,28.13517401247401,75.52840893970894,103,Jhunjhunun,2137045,4828,950.04,64.12
RAJASTHAN,27.55271738035265,76.65359630562563,104,Alwar,3674179,9750,894.86,59.4
RAJASTHAN,27.32411858037578,77.21752077244258,105,Bharatpur,2548462,4179,879.78,58.11
RAJASTHAN,26.72397054945053,77.74476219780222,106,Dhaulpur,1206516,1330,845.82,56.62
RAJASTHAN,26.51901555555556,76.96081818181815,107,Karauli,1458248,1059,860.87,55.26
RAJASTHAN,26.251081180223288,76.4219283891548,108,Sawai Madhopur,1335551,1887,897.01,55.54
RAJASTHAN,26.91234817629181,76.57342097264443,109,Dausa,1634409,1719,905.38,57.39
RAJASTHAN,27.033459290187885,75.77117286012533,110,Jaipur,6626178,76565,910.38,64.91
RAJASTHAN,27.64644058641976,75.29317422839503,111,Sikar,2677333,5647,947.17,61.71
RAJASTHAN,27.07862016048146,74.14215667001012,112,Nagaur,3307743,4449,949.95,53.17
RAJASTHAN,26.678460838536967,73.00450847457628,113,Jodhpur,3687165,19335,916.48,55.1
RAJASTHAN,26.86900838548185,71.18371877346682,114,Jaisalmer,669919,754,852.1,46.07
RAJASTHAN,25.77070908045978,71.50297126436782,115,Barmer,2603751,2766,901.91,45.64
RAJASTHAN,25.07578093797277,72.18647261724662,116,Jalor,1828730,1585,952.45,45.36
RAJASTHAN,24.7976905263158,72.75309131578943,117,Sirohi,1036346,2146,939.88,46.01
RAJASTHAN,25.80490393541874,73.55285640766907,118,Pali,2037573,4043,987.06,53.28
RAJASTHAN,26.199300378787903,74.6990419191919,119,Ajmer,2583052,13499,950.82,59.1
RAJASTHAN,26.153935071707927,75.79192216427637,120,Tonk,1421326,1908,952.01,52.74
RAJASTHAN,25.48580716049379,75.79984074074079,121,Bundi,1110906,1392,924.78,52.66
RAJASTHAN,25.45119767759564,74.63947595628417,122,Bhilwara,2408523,6207,973.01,52.15
RAJASTHAN,25.24894767441859,73.96570215946844,123,Rajsamand,1156597,1989,989.54,53.53
RAJASTHAN,23.75104807692308,73.84765641025645,124,Dungarpur,1388552,1477,993.52,49.09
RAJASTHAN,23.453642032967014,74.44246868131869,125,Banswara,1797485,2324,980.15,46.14
RAJASTHAN,24.631623761665463,74.80010997846382,126,Chittaurgarh,1544338,4941,971.9,53.22
RAJASTHAN,25.175718080000014,76.18618928000001,127,Kota,1951014,12843,910.58,66.55
RAJASTHAN,24.98023243243244,76.86210651828291,128,Baran,1222755,1363,928.8,56.7
RAJASTHAN,24.24725541474657,76.11242891705065,129,Jhalawar,1411129,1750,946.0,52.43
RAJASTHAN,24.44076752136749,73.84029839743584,130,Udaipur,3068420,14211,958.4,51.58
RAJASTHAN,25.864842731707316,81.93530048780492,131,Pratapgarh,867848,716,982.55,46.27
UTTAR PRADESH,25.864842731707316,81.93530048780492,173,Pratapgarh,3209141,5149,998.11,60.19
UTTAR PRADESH,30.03381165217392,77.59905147826095,132,Saharanpur,3466382,9699,889.96,59.92
UTTAR PRADESH,29.470507977736563,77.64017847866423,133,Muzaffarnagar,4143512,10077,889.05,58.34
UTTAR PRADESH,29.313974259681096,78.45098815489754,134,Bijnor,3682713,7303,916.87,57.98
UTTAR PRADESH,28.851770406189537,78.73580193423597,135,Moradabad,4772006,11690,906.37,47.44
UTTAR PRADESH,28.83244727272725,79.10977333333337,136,Rampur,2335819,3847,908.52,44.68
UTTAR PRADESH,28.870498984771597,78.39009365482241,137,Jyotiba Phule Nagar,1840221,2825,910.03,53.42
UTTAR PRADESH,29.02957625698323,77.80611005586593,138,Meerut,3443689,23717,886.18,62.19
UTTAR PRADESH,29.045793499999988,77.30266300000001,139,Baghpat,1303048,2989,861.31,61.24
UTTAR PRADESH,28.74997308584685,77.67441879350343,140,Ghaziabad,4681645,78116,881.06,66.71
UTTAR PRADESH,28.393311038961038,77.52462467532465,141,Gautam Buddha Nagar,1648115,53181,851.37,68.14
UTTAR PRADESH,28.34875862068968,78.01082758620684,142,Bulandshahr,3499171,7865,896.3,58.06
UTTAR PRADESH,27.93748576850093,78.00146831119557,143,Aligarh,3673889,13634,882.12,56.96
UTTAR PRADESH,27.59390432801821,77.62153416856502,145,Mathura,2547184,8726,863.17,59.19
UTTAR PRADESH,26.99512974910393,78.05278291517321,146,Agra,4418797,27183,868.45,60.66
UTTAR PRADESH,27.20963993055552,78.42660624999998,147,Firozabad,2498156,5834,875.43,60.92
UTTAR PRADESH,27.17386862302482,79.03501851015807,148,Mainpuri,1868529,2642,880.99,64.43
UTTAR PRADESH,28.51101940789474,79.43187072368416,150,Bareilly,4448359,15164,886.76,49.27
UTTAR PRADESH,28.52024175035868,79.90103974175037,151,Pilibhit,2031007,2870,894.59,52.24
UTTAR PRADESH,27.991389350649328,79.8302275324675,152,Shahjahanpur,3006538,3889,871.6,49.59
UTTAR PRADESH,27.501995963091108,80.85288881199547,154,Sitapur,4483992,3874,887.79,50.93
UTTAR PRADESH,27.337409090909137,80.26411767676768,155,Hardoi,4092845,3845,867.65,54.28
UTTAR PRADESH,26.63163990895297,80.636773292868,156,Unnao,3108367,3476,906.87,57.06
UTTAR PRADESH,26.838233589251463,80.89706026871404,157,Lucknow,4589838,68506,916.84,68.13
UTTAR PRADESH,26.253902840059787,81.22260463378181,158,Rae Bareli,3405559,5184,943.21,57.72
UTTAR PRADESH,27.45063297872342,79.4406284574468,159,Farrukhabad,1885204,2624,873.51,57.96
UTTAR PRADESH,26.993988617886185,79.64437940379408,160,Kannauj,1656616,2488,878.73,61.4
UTTAR PRADESH,26.78817670157068,79.07621806282728,161,Etawah,1581810,2964,870.07,67.14
UTTAR PRADESH,26.66892394014961,79.42637057356607,162,Auraiya,1379545,2404,864.15,67.47
UTTAR PRADESH,26.43047641196011,79.98710083056478,163,Kanpur Dehat,1796184,2682,864.7,65.15
UTTAR PRADESH,26.067954587155988,79.36686911314993,165,Jalaun,1689974,2217,865.12,63.62
UTTAR PRADESH,25.45581535234902,78.89954580536917,166,Jhansi,1998603,8517,890.05,65.27
UTTAR PRADESH,24.58877161016945,78.60082330508473,167,Lalitpur,1221592,1079,905.73,52.49
UTTAR PRADESH,25.34529670138888,79.67863003472216,169,Mahoba,875958,1316,878.3,55.72
UTTAR PRADESH,25.351885902503284,80.52487391304344,170,Banda,1799410,1655,862.98,55.74
UTTAR PRADESH,25.159924623803,81.07666087551297,171,Chitrakoot,991730,827,879.27,53.55
UTTAR PRADESH,25.8374362030905,80.85416203090509,172,Fatehpur,2632733,3385,901.27,57.44
UTTAR PRADESH,25.53587532051282,81.41811282051287,174,Kaushambi,1599596,1503,907.72,50.85
UTTAR PRADESH,25.392038662316445,82.05172446982063,175,Allahabad,5954391,24122,901.26,61.56
UTTAR PRADESH,26.922777025232424,81.35762350597606,176,Bara Banki,3260699,3159,910.11,51.9
UTTAR PRADESH,26.60589185185181,82.00783530864202,177,Faizabad,2470996,4746,961.69,58.72
UTTAR PRADESH,26.39119025974028,82.68282142857147,178,Ambedkar Nagar,2397888,2509,977.79,62.01
UTTAR PRADESH,26.2846386419753,82.05710456790123,179,Sultanpur,3797117,5956,983.26,58.99
UTTAR PRADESH,27.691776300578027,81.46779783237004,180,Bahraich,3487731,2681,891.51,40.09
UTTAR PRADESH,27.449076537911324,82.47158326180256,182,Balrampur,2148665,1551,927.54,40.41
UTTAR PRADESH,27.157215552099505,82.0226888024882,183,Gonda,3433919,4313,921.45,48.92
UTTAR PRADESH,26.833880454545447,82.69790590909092,185,Basti,2464464,3423,963.29,56.56
UTTAR PRADESH,26.791596516393444,83.0387764344262,186,Sant Kabir Nagar,1715183,2031,972.25,55.68
UTTAR PRADESH,26.63315886792452,83.3549560377358,188,Gorakhpur,4440895,14597,949.66,60.81
UTTAR PRADESH,26.892530675909864,83.92261542461007,189,Kushinagar,3564544,3486,960.64,54.84
UTTAR PRADESH,26.42218856548857,83.8244070686071,190,Deoria,3100946,4469,1016.96,60.47
UTTAR PRADESH,26.008290954773837,83.01220251256285,191,Azamgarh,4613913,6652,1019.21,60.08
UTTAR PRADESH,26.01082203791469,83.50582654028433,192,Mau,2205968,2656,978.96,61.79
UTTAR PRADESH,25.86075638297873,84.03651978723408,193,Ballia,3239774,4672,936.62,60.61
UTTAR PRADESH,25.70141280913127,82.54315351934063,194,Jaunpur,4494204,8002,1023.99,60.78
UTTAR PRADESH,25.624724775583484,83.5360854578097,195,Ghazipur,3620268,5309,951.55,60.7
UTTAR PRADESH,25.1180859611231,83.25307062634984,196,Chandauli,1952756,3492,918.41,60.15
UTTAR PRADESH,25.36057088888889,82.82529666666672,197,Varanasi,3676841,19214,913.17,65.38
UTTAR PRADESH,25.10207959183675,82.60126628571429,199,Mirzapur,2496970,4447,902.74,57.22
UTTAR PRADESH,24.46693268858798,83.06816324951639,200,Sonbhadra,1862559,5149,917.51,52.92
UTTAR PRADESH,27.591155309734443,78.70021858407083,201,Etah,1774480,2635,873.12,59.47
BIHAR,27.16064352201258,84.30265911949685,203,Pashchim Champaran,3935042,3495,909.19,44.71
BIHAR,26.68129336734693,85.00382155612242,204,Purba Champaran,5099371,7719,901.89,44.65
BIHAR,26.458380748663107,85.29539411764709,205,Sheohar,656246,478,892.98,43.23
BIHAR,26.56570069686413,85.61172491289203,206,Sitamarhi,3423574,3460,898.56,41.97
BIHAR,26.41380538172716,86.16328360450552,207,Madhubani,4487379,5319,926.48,48.03
BIHAR,26.28157893772896,86.78496465201461,208,Supaul,2229076,1845,929.46,46.35
BIHAR,26.211528119180603,87.30766554934816,209,Araria,2811569,2561,921.35,42.53
BIHAR,26.324336758321294,87.95045007235886,210,Kishanganj,1690400,1093,949.78,44.08
BIHAR,25.81714801901739,87.40447606973065,211,Purnia,3264619,4170,921.08,40.81
BIHAR,25.56565356037151,87.70466083591326,212,Katihar,3071029,2941,918.88,41.69
BIHAR,25.77341929460581,86.8978443983403,213,Madhepura,2001762,1397,910.88,41.69
BIHAR,25.821270696721303,86.54670819672135,214,Saharsa,1900661,1668,906.05,42.35
BIHAR,26.146187719298258,85.97387352472099,215,Darbhanga,3937385,6280,911.4,46.14
BIHAR,26.18664417177915,85.32745092024543,216,Muzaffarpur,4801062,10290,899.53,52.26
BIHAR,26.44874364161851,84.34636127167629,217,Gopalganj,2562012,3707,1021.05,53.98
BIHAR,26.1736372013652,84.33766552901022,218,Siwan,3330464,3834,988.23,57.96
BIHAR,25.89656077844312,84.82266287425155,219,Saran,3951862,4509,953.64,54.59
BIHAR,25.8134703180212,85.39247597173153,220,Vaishali,3495021,4810,894.8,55.13
BIHAR,25.793205563909765,85.94833323308269,221,Samastipur,4261566,5379,911.01,50.28
BIHAR,25.54302613168723,86.12560144032932,222,Begusarai,2970541,4644,894.89,52.13
BIHAR,25.53558891454964,86.56593256351037,223,Khagaria,1666886,1580,886.07,46.08
BIHAR,25.277192885375477,87.04213814229242,224,Bhagalpur,3037766,6764,880.2,51.78
BIHAR,24.832355642023337,86.8664916342413,225,Banka,2034763,1704,906.74,47.44
BIHAR,25.198537962962963,86.54173672839504,226,Munger,1367765,2653,876.12,58.62
BIHAR,25.183449321266963,86.12825701357468,227,Lakhisarai,1000912,1186,901.63,50.68
BIHAR,25.12472436548223,85.77839390862943,228,Sheikhpura,636342,631,929.81,51.65
BIHAR,25.229345508982053,85.48053113772461,229,Nalanda,2877653,4156,922.2,52.82
BIHAR,25.40297114503818,85.3198433587787,230,Patna,5838465,40692,896.52,59.26
BIHAR,25.50666439393939,84.49407803030304,231,Bhojpur,2728407,3661,907.47,58.61
BIHAR,25.48593018867924,84.08808081760995,232,Buxar,1706352,1784,921.62,58.01
BIHAR,24.99170460829495,83.9350762672811,234,Rohtas,2959918,4594,917.61,60.81
BIHAR,24.774291867469877,84.45986024096379,235,Aurangabad,2540073,2362,926.22,57.71
BIHAR,20.0979228832952,75.32072196796334,235,Aurangabad,2540073,2362,926.22,57.71
MAHARASHTRA,24.774291867469877,84.45986024096379,515,Aurangabad,3701282,23258,923.27,67.65
MAHARASHTRA,20.0979228832952,75.32072196796334,515,Aurangabad,3701282,23258,923.27,67.65
BIHAR,24.7266541547278,84.94291217765044,236,Gaya,4391418,6856,937.48,52.32
BIHAR,24.825708836206903,85.61594568965519,237,Nawada,2219146,1841,938.68,49.16
BIHAR,24.78418380462726,86.26316298200514,238,Jamui,1760405,1839,921.71,48.77
BIHAR,25.155679045643165,84.9208124481328,239,Jehanabad,1125313,1106,921.7,55.0
ARUNACHAL PRADESH,27.680683962264148,91.82504245283016,245,Tawang,49977,96,714.42,52.17
ARUNACHAL PRADESH,27.46486582278483,92.65015750452083,246,West Kameng,83947,202,818.81,57.77
ARUNACHAL PRADESH,27.371194055944056,93.04741486013997,247,East Kameng,78690,57,1029.4,48.86
ARUNACHAL PRADESH,27.273529716981127,93.54468183962264,248,Papum Pare,176573,2477,979.92,68.55
ARUNACHAL PRADESH,28.277196566523585,93.8991435622318,249,Upper Subansiri,83448,139,998.37,54.26
ARUNACHAL PRADESH,28.106296920289843,94.53510344202908,250,West Siang,112274,303,930.17,57.67
ARUNACHAL PRADESH,28.15382352941176,95.06499226006191,251,East Siang,99214,450,979.69,63.07
ARUNACHAL PRADESH,28.8309244897959,95.00155765306124,252,Upper Siang,35320,97,888.87,51.51
ARUNACHAL PRADESH,27.36048479338845,96.37552644628106,253,Changlang,148226,170,926.31,49.37
ARUNACHAL PRADESH,26.94406229508198,95.41470327868862,254,Tirap,111975,98,943.88,42.84
ARUNACHAL PRADESH,27.70849297297297,93.96226108108112,255,Lower Subansiri,83030,381,984.32,65.11
ARUNACHAL PRADESH,28.04853351800553,93.24531994459834,256,Kurung Kumey,92076,95,1031.78,39.76
ARUNACHAL PRADESH,28.32651730103806,95.76567335640142,258,Lower Dibang Valley,54080,207,927.78,58.89
ARUNACHAL PRADESH,27.946785273972623,96.59670770547945,259,Lohit,145726,312,911.89,57.0
NAGALAND,26.69207374301676,95.03072988826828,261,Mon,250260,178,899.46,47.8
NAGALAND,26.478911764705888,94.522426006192,262,Mokokchung,194622,537,925.2,81.95
NAGALAND,26.028178205128206,94.50026666666668,263,Zunheboto,140757,261,976.45,73.09
NAGALAND,26.202611551155112,94.1990815181518,264,Wokha,166343,198,968.44,77.07
NAGALAND,25.814176811594223,93.75074057971014,265,Dimapur,378811,3303,919.06,73.4
NAGALAND,25.63272986577182,94.56814563758392,266,Phek,163418,170,951.42,64.8
NAGALAND,26.21104453280316,94.85809880715708,267,Tuensang,196596,155,928.68,59.77
NAGALAND,25.60311428571428,93.78600657596373,270,Kohima,267988,1928,928.44,73.69
MANIPUR,25.08465586034914,94.03366234413956,272,Senapati,479148,256,937.34,55.2
MANIPUR,24.98312942238265,93.49450740072204,273,Tamenglong,140651,125,943.47,60.44
MANIPUR,24.30309718875504,93.38671506024085,274,Churachandpur,274143,837,974.81,71.47
MANIPUR,24.50712111801243,93.8246236024845,275,Bishnupur,237399,676,998.61,65.85
MANIPUR,24.545392553191498,93.97959893617023,276,Thoubal,422168,880,1002.27,63.79
MANIPUR,25.05900314960629,94.44129566929138,279,Ukhrul,183998,276,942.59,70.56
MANIPUR,24.2635812987013,94.09443844155844,280,Chandel,144182,184,933.28,62.63
MIZORAM,23.73852942502819,92.4330803833147,281,Mamit,86364,90,926.56,69.69
MIZORAM,24.2020004347826,92.73470391304348,282,Kolasib,83955,367,956.17,78.49
MIZORAM,23.90781335453101,92.85359459459472,283,Aizawl,400309,4019,1008.88,85.08
MIZORAM,23.54166580976866,93.24221799485862,284,Champhai,125745,186,983.74,80.16
MIZORAM,23.263864705882344,92.914158496732,285,Serchhip,64937,131,976.71,83.89
MIZORAM,23.007717036172675,92.63512555425892,286,Lunglei,161428,482,947.47,75.03
MIZORAM,22.36102843137253,92.66964156862753,287,Lawngtlai,117894,162,945.48,53.32
MIZORAM,22.35744801061008,93.02827931034489,288,Saiha,56574,168,978.53,74.65
TRIPURA,23.780166241299337,91.41310788863107,289,West Tripura,1725739,6394,962.34,78.89
TRIPURA,23.211874098057383,91.6065807585568,290,South Tripura,876001,948,957.35,73.84
TRIPURA,23.781360477941163,91.94654283088232,291,Dhalai,378230,273,944.19,73.03
TRIPURA,24.121739755351683,92.17842538226292,292,North Tripura,693947,997,966.64,74.99
MEGHALAYA,25.495285185185185,90.03709947089942,293,West Garo Hills,643291,1630,984.49,55.76
MEGHALAYA,25.82728228228228,90.64684924924916,294,East Garo Hills,317917,288,971.91,60.44
MEGHALAYA,25.240568578553614,90.64560349127176,295,South Garo Hills,142334,179,945.25,57.65
MEGHALAYA,25.500889926739926,91.25364542124538,296,West Khasi Hills,383461,149,979.51,60.16
MEGHALAYA,25.303763888888884,91.75922519841272,298,East Khasi Hills,825922,5032,1010.77,69.99
MEGHALAYA,25.33959557069844,92.37608160136298,299,Jaintia Hills,395124,510,1013.01,47.46
ASSAM,26.497246635730868,90.13997470997688,300,Kokrajhar,887142,1218,958.78,55.16
ASSAM,26.017277777777807,90.59869891598912,302,Goalpara,1008183,1364,964.15,55.9
ASSAM,26.427872264631056,90.97912010178116,303,Barpeta,1693622,2078,953.42,52.97
ASSAM,26.26462170626351,92.9306191144708,305,Nagaon,2823768,5121,962.16,60.58
ASSAM,26.73514926829268,92.85197804878044,306,Sonitpur,1924110,4358,955.59,57.61
ASSAM,27.14128805970149,94.0775949253732,307,Lakhimpur,1042137,1948,967.51,65.59
ASSAM,27.586533438485816,94.71336908517353,308,Dhemaji,686133,1192,953.41,61.65
ASSAM,27.53549291139241,95.69055949367085,309,Tinsukia,1327929,5135,952.17,60.12
ASSAM,27.30612284482757,95.0998282327587,310,Dibrugarh,1326335,8817,960.78,66.69
ASSAM,26.76244824016563,94.30197722567289,312,Jorhat,1092256,5651,961.65,72.78
ASSAM,26.377219709794485,93.82583397823468,313,Golaghat,1066888,3073,964.22,67.65
ASSAM,26.08966454598031,93.11536570271832,314,Karbi Anglong,956313,1923,950.99,58.27
ASSAM,24.815570668693017,92.86849650455927,316,Cachar,1736617,5316,959.44,67.61
ASSAM,24.69660712250711,92.3679498575498,317,Karimganj,1228686,1933,963.18,64.73
ASSAM,24.457496089385486,92.59154664804475,318,Hailakandi,659296,1211,951.21,61.79
ASSAM,26.45012521994133,90.6734296187684,319,Bongaigaon,738804,2523,965.86,58.75
ASSAM,26.170939452054807,91.58863273972592,321,Kamrup,1517542,3109,949.41,65.59
ASSAM,26.46323767605632,91.40598521126763,323,Nalbari,771639,1631,948.55,68.91
ASSAM,26.58463215962442,92.04141338028155,325,Darrang,928500,1166,953.61,52.45
WEST BENGAL,26.839619571045585,88.33145067024122,327,Darjiling,1846823,10943,970.45,71.24
WEST BENGAL,26.62642031250004,89.04154375000003,328,Jalpaiguri,3872846,9322,952.96,64.52
WEST BENGAL,26.044619165196977,88.23595232216337,330,Uttar Dinajpur,3007134,2883,938.75,49.54
WEST BENGAL,25.342094363021435,88.69821679819614,331,Dakshin Dinajpur,1676276,2518,955.53,64.65
WEST BENGAL,25.08026802575105,88.17191684549356,332,Maldah,3988845,5357,944.32,52.31
WEST BENGAL,24.25950655391121,88.16816860465121,333,Murshidabad,7103807,7951,958.29,57.09
WEST BENGAL,24.06389342723,87.65153089201888,334,Birbhum,3502404,5210,955.65,61.63
WEST BENGAL,23.444453888888884,87.8150581111111,335,Barddhaman,7717563,32323,945.5,67.99
WEST BENGAL,23.56410971055088,88.58293034547152,336,Nadia,5167600,12787,947.27,67.35
WEST BENGAL,22.87929264705881,88.00010264705891,338,Hugli,5519145,31725,960.86,73.9
WEST BENGAL,23.081280892857155,87.12640053571437,339,Bankura,3596674,4273,956.74,62.08
WEST BENGAL,23.254192328767108,86.3968532876713,340,Puruliya,2930115,3551,957.33,55.46
WEST BENGAL,22.401674174428507,87.99421176968654,341,Haora,4850029,30751,939.38,74.33
WEST BENGAL,22.550581481481483,88.3527648148148,342,Kolkata,4496694,136618,907.99,79.8
JHARKHAND,24.082114689265527,83.68664265536722,346,Garhwa,1322784,565,935.1,49.4
JHARKHAND,24.11619945750453,84.93295804701627,347,Chatra,1042886,590,953.21,48.91
JHARKHAND,24.30578509874329,86.08710915619386,349,Giridih,2445474,1944,943.79,51.26
JHARKHAND,24.33070100755672,86.75697632241814,350,Deoghar,1492073,1944,925.2,53.18
JHARKHAND,24.8189,87.2941735483871,351,Godda,1313551,874,937.6,46.02
JHARKHAND,24.93667989690721,87.68264097938142,352,Sahibganj,1150567,591,952.13,42.0
JHARKHAND,24.57260428082189,87.69691969178076,353,Pakur,900422,328,989.18,39.19
JHARKHAND,23.854509090909097,86.40372924901185,354,Dhanbad,2684487,11568,909.37,64.15
JHARKHAND,23.6814965034965,85.98398374125864,355,Bokaro,2062330,9754,922.37,61.75
JHARKHAND,23.488796043165483,84.6605169064748,356,Lohardaga,461790,351,985.09,56.24
JHARKHAND,24.196925968109337,84.20310842824594,358,Palamu,1939869,2155,927.72,52.82
JHARKHAND,23.72511185840708,84.48298743362837,359,Latehar,726978,340,966.58,48.24
JHARKHAND,24.275006125574265,87.27662450229711,362,Dumka,1321442,1193,976.69,50.88
JHARKHAND,23.97873318077801,86.95325080091534,363,Jamtara,791042,808,954.01,53.89
JHARKHAND,23.184235061391547,85.31781937244203,364,Ranchi,2914253,22538,949.42,65.59
JHARKHAND,23.078532948929148,84.55056787479396,366,Gumla,1025213,831,993.07,54.6
JHARKHAND,22.608760391198054,84.59193691931536,367,Simdega,599578,423,996.54,57.29
ORISSA,21.827058566978184,83.93581682242987,371,Jharsuguda,579505,2498,953.23,70.04
ORISSA,21.515752380952385,84.34958483245157,372,Sambalpur,1041099,5231,975.98,67.59
ORISSA,22.06354819277107,84.50524819277099,374,Sundargarh,2093437,12787,972.81,64.12
ORISSA,21.897621545157754,86.4030408052231,376,Mayurbhanj,2519738,2950,1005.82,54.35
ORISSA,21.48570932311624,87.08085828011933,377,Baleshwar,2320529,7370,956.95,69.86
ORISSA,20.95262735257214,86.81496204516931,378,Bhadrak,1506337,2637,981.34,72.64
ORISSA,20.606319815982264,86.83763247572003,379,Kendrapara,1440361,1628,1006.59,75.62
ORISSA,20.407640646029623,85.7776810228802,381,Cuttack,2624470,15046,940.09,76.64
ORISSA,20.79887159353349,85.53226836027711,383,Dhenkanal,1192811,1810,947.15,69.58
ORISSA,20.192895622119817,85.05614700460825,385,Nayagarh,962789,1163,915.48,71.5
ORISSA,20.054162322274863,85.52234834123229,386,Khordha,2251673,35701,929.23,77.72
ORISSA,19.83509174603177,85.86698989898981,387,Puri,1698730,3416,962.99,76.05
ORISSA,19.2632617564534,84.80297710437702,388,Ganjam,3529031,9049,983.47,62.62
ORISSA,19.121080882352945,84.14015091911759,389,Gajapati,577817,635,1042.61,45.44
ORISSA,20.092878624813142,84.02216352765326,390,Kandhamal,733110,768,1036.73,54.53
ORISSA,20.471309512195116,82.59152536585364,394,Nuapada,610382,757,1021.39,49.05
ORISSA,19.784253092783523,83.1124043814433,395,Kalahandi,1576869,1953,1003.39,50.86
ORISSA,19.292840020060204,83.45860120361095,396,Rayagada,967911,1553,1050.83,42.13
ORISSA,18.82627794779476,82.81278469846964,398,Koraput,1379647,3988,1032.45,41.18
ORISSA,18.25227930367506,81.98293636363628,399,Malkangiri,613192,448,1019.58,39.91
CHHATTISGARH,23.50412776859501,82.12515636363635,400,Koriya,658917,1667,968.46,60.38
CHHATTISGARH,23.32719278728607,83.23582493887531,401,Surguja,2359886,2737,977.9,50.34
CHHATTISGARH,22.77286167664669,83.8703962075848,402,Jashpur,851669,567,1005.12,58.17
CHHATTISGARH,22.008265068493166,83.27797698630134,403,Raigarh,1493984,3342,991.24,63.7
CHHATTISGARH,18.453257637845976,73.0090609418579,403,Raigarh,1493984,3342,991.24,63.7
MAHARASHTRA,22.008265068493166,83.27797698630134,520,Raigarh,2634200,38570,959.47,73.65
MAHARASHTRA,18.453257637845976,73.0090609418579,520,Raigarh,2634200,38570,959.47,73.65
CHHATTISGARH,22.491712499999995,82.57604326923074,404,Korba,1206640,4544,968.69,62.05
CHHATTISGARH,21.194463849287164,81.33181639511197,409,Durg,3343872,16141,987.91,68.88
CHHATTISGARH,20.88603153846152,82.20032759615388,410,Raipur,4063872,20261,984.13,64.71
CHHATTISGARH,21.223727037773354,82.65925427435384,411,Mahasamund,1032754,961,1017.23,61.77
CHHATTISGARH,20.554912627291245,81.7569195519348,412,Dhamtari,799781,1016,1010.02,68.37
CHHATTISGARH,19.393866751269048,81.52895126903546,414,Bastar,1413199,1782,1023.23,46.06
CHHATTISGARH,16.84015316666667,75.95909166666665,417,Bijapur,255230,117,983.71,34.06
KARNATAKA,16.84015316666667,75.95909166666665,557,Bijapur,2177331,4987,959.76,57.33
MADHYA PRADESH,25.78014810996563,77.16911116838484,418,Sheopur,687861,273,901.3,47.69
MADHYA PRADESH,26.37313504531724,77.88447341389724,419,Morena,1965970,1781,840.08,60.01
MADHYA PRADESH,26.35951126187245,78.7618324287653,420,Bhind,1703005,1166,837.43,64.29
MADHYA PRADESH,26.04074441964285,78.12782433035713,421,Gwalior,2032036,15779,863.69,66.79
MADHYA PRADESH,25.90226439560441,78.63916571428574,422,Datia,786754,616,872.52,62.46
MADHYA PRADESH,25.37802451874367,77.74861600810549,423,Shivpuri,1726050,1852,876.56,52.19
MADHYA PRADESH,25.14099852104666,78.89357064846428,424,Tikamgarh,1445166,1090,900.65,51.75
MADHYA PRADESH,24.813637376460004,79.56449299191374,425,Chhatarpur,1762375,1880,882.64,53.51
MADHYA PRADESH,24.451325840092657,80.21133001158752,426,Panna,1016520,653,905.45,54.36
MADHYA PRADESH,23.800318709677374,78.71940357771273,427,Sagar,2378458,4546,893.29,64.99
MADHYA PRADESH,23.76624407960196,79.47049303482588,428,Damoh,1264219,1432,910.06,59.14
MADHYA PRADESH,24.62777621776502,80.75547048710598,429,Satna,2228935,3754,925.65,61.54
MADHYA PRADESH,24.861184625158856,81.57572465057183,430,Rewa,2365106,3406,930.54,60.96
MADHYA PRADESH,23.59601063063061,80.90879477477475,431,Umaria,644758,839,949.83,55.32
MADHYA PRADESH,24.70311893333336,75.06608186666664,432,Neemuch,826067,1945,954.48,61.6
MADHYA PRADESH,24.19278764044944,75.43588667736759,433,Mandsaur,1340411,2324,962.96,62.26
MADHYA PRADESH,23.503562290502792,75.14895782122909,434,Ratlam,1455069,3644,970.99,56.76
MADHYA PRADESH,23.319288862745065,75.80383717647058,435,Ujjain,1986864,7501,955.02,62.46
MADHYA PRADESH,23.566620317220547,76.33555181268885,436,Shajapur,1512681,1382,938.04,59.14
MADHYA PRADESH,22.7851110021322,76.46088805970157,437,Dewas,1563715,3518,941.64,59.18
MADHYA PRADESH,22.572681718963157,75.1105620736698,438,Dhar,2185793,2388,964.36,49.29
MADHYA PRADESH,22.680265752128648,75.9133801324502,439,Indore,3276697,48691,927.89,70.47
MADHYA PRADESH,21.702135714285724,74.91004719710673,441,Barwani,1385881,1158,981.7,39.68
MADHYA PRADESH,23.785499026425583,76.66431223922116,442,Rajgarh,1545814,1611,956.2,52.03
MADHYA PRADESH,23.82838307984792,77.9013507604563,443,Vidisha,1458875,1926,895.71,59.15
MADHYA PRADESH,23.480726143790854,77.39246623093679,444,Bhopal,2371061,40788,918.13,70.04
MADHYA PRADESH,22.9297199679658,77.06780202883085,445,Sehore,1311332,1566,917.87,59.51
MADHYA PRADESH,23.292518206521724,78.16305495923909,446,Raisen,1331597,1141,901.31,61.6
MADHYA PRADESH,21.964626315789477,77.7873428189117,447,Betul,1575362,2109,971.08,59.65
MADHYA PRADESH,22.227659781121783,77.07022571819435,448,Harda,570465,986,934.84,61.8
MADHYA PRADESH,22.595268801996703,78.02168094841929,449,Hoshangabad,1241350,2871,913.52,65.3
MADHYA PRADESH,23.724416229116937,80.33819665871127,450,Katni,1292042,2179,951.69,61.2
MADHYA PRADESH,23.18525572327043,79.98328754716981,451,Jabalpur,2463289,20443,928.55,71.31
MADHYA PRADESH,22.83738437047757,81.04332966714911,453,Dindori,704524,554,1001.98,53.75
MADHYA PRADESH,22.70348712446353,80.38600543633753,454,Mandla,1054905,912,1008.3,57.35
MADHYA PRADESH,22.227966971713823,78.76413136439254,455,Chhindwara,2090922,3588,964.29,61.9
MADHYA PRADESH,22.33230487804874,79.66053863928111,456,Seoni,1379131,1182,981.85,62.66
MADHYA PRADESH,21.80020720640569,80.42170053380796,457,Balaghat,1701698,1712,1020.59,67.44
MADHYA PRADESH,24.49043927178156,77.2235895968791,458,Guna,1241519,2482,911.91,52.68
MADHYA PRADESH,24.63098846153845,77.82974493927134,459,Ashoknagar,845071,619,904.01,55.51
MADHYA PRADESH,23.44859864559819,81.4596831828442,460,Shahdol,1066063,1733,974.11,56.68
MADHYA PRADESH,23.18184220430107,81.86560000000007,461,Anuppur,749237,1290,976.28,58.27
MADHYA PRADESH,24.17547189952905,82.1053783359498,462,Sidhi,1127033,837,956.95,53.31
MADHYA PRADESH,22.419578015397768,74.40921616766468,464,Jhabua,1025048,744,990.3,34.35
MADHYA PRADESH,21.364567254408065,76.24460478589425,467,Burhanpur,757847,986,950.68,53.93
GUJARAT,23.48057203301311,68.82192301497916,468,Kachchh,2092371,9631,907.81,59.85
GUJARAT,24.258538965517253,71.93205252873561,469,Banas Kantha,3120506,3424,937.75,54.64
GUJARAT,23.80634198473284,71.75162977099237,470,Patan,1343734,2231,935.11,62.36
GUJARAT,23.529355452865065,72.45545194085031,471,Mahesana,2035064,7759,926.2,73.84
GUJARAT,23.71803594548552,73.13638790459964,472,Sabar Kantha,2428589,5262,951.88,65.01
GUJARAT,23.193679790026252,72.67221679790026,473,Gandhinagar,1391753,12107,922.67,74.04
GUJARAT,22.605425564971743,72.23898135593227,474,Ahmadabad,7214225,126341,904.47,75.35
GUJARAT,22.82672007299272,71.48358740875906,475,Surendranagar,1756268,2975,930.14,62.27
GUJARAT,22.40603377715488,70.83679439383323,476,Rajkot,3804558,21785,926.9,71.63
GUJARAT,22.410600414263328,69.62062005768233,477,Jamnagar,2160119,11573,938.73,64.65
GUJARAT,21.55092351651571,69.71896987722886,478,Porbandar,585449,1653,950.14,67.24
GUJARAT,20.72568199498111,70.83985639899612,479,Junagadh,2743082,6628,953.27,67.18
GUJARAT,20.929523011609785,70.54733890140345,479,Junagadh,2743082,6628,953.27,67.18
GUJARAT,21.04832649310872,71.43457637825426,480,Amreli,1514190,2538,963.81,65.74
GUJARAT,21.70219390341736,72.16272632761141,481,Bhavnagar,2880365,7297,932.87,65.52
GUJARAT,22.282718206229863,72.57782051557454,482,Anand,2092745,9902,924.85,74.13
GUJARAT,22.88765312500002,73.018803515625,483,Kheda,2299885,5710,939.64,72.19
GUJARAT,22.80435606837605,73.61984598290586,484,Panch Mahals,2390776,3456,948.53,60.27
GUJARAT,22.26133739279589,73.49433010291594,486,Vadodara,4165626,53606,934.14,69.45
GUJARAT,21.70666386292833,73.68403208722742,487,Narmada,590297,576,960.56,62.74
GUJARAT,21.75787276237761,72.67326346710801,488,Bharuch,1551019,10257,925.04,72.1
GUJARAT,20.801633877551023,73.6883518367347,489,The Dangs,228291,137,1005.7,61.75
GUJARAT,20.866973318871995,72.86184869848157,490,Navsari,1329672,6726,960.69,75.35
GUJARAT,20.44238231644259,72.9148584798345,491,Valsad,1705678,11020,922.49,68.63
GUJARAT,21.25761372772093,72.93488716344339,492,Surat,6081322,55694,787.45,75.17
DAMAN AND DIU,20.431616666666677,72.8392366071429,495,Daman,191173,1316,533.57,78.64
MAHARASHTRA,21.523175625248147,74.32638757443429,497,Nandurbar,1648295,2579,978.34,55.0
MAHARASHTRA,21.274018690400517,74.58719071837263,498,Dhule,2050862,6065,945.73,63.09
MAHARASHTRA,20.8828943415638,75.55140421810695,499,Jalgaon,4229917,14297,925.0,68.37
MAHARASHTRA,20.56680611183355,76.39017880364096,500,Buldana,2586258,4767,933.56,72.69
MAHARASHTRA,20.746310479041902,77.12122320359276,501,Akola,1813906,6163,945.55,77.8
MAHARASHTRA,20.282282394366213,77.25502394366208,502,Washim,1197160,1875,929.96,72.67
MAHARASHTRA,21.16520991810736,77.67583503184723,503,Amravati,2888445,9438,950.64,77.96
MAHARASHTRA,20.80743024390242,78.57259105691062,504,Wardha,1300774,4313,946.14,78.37
MAHARASHTRA,21.196556862745105,79.02166176470584,505,Nagpur,4653570,57964,951.2,78.95
MAHARASHTRA,21.211792649727748,80.10950199637024,506,Bhandara,1200334,2932,982.32,74.97
MAHARASHTRA,21.225008411214997,80.17522698598128,507,Gondiya,1322507,2866,999.09,75.93
MAHARASHTRA,20.095609090909075,79.31556380471388,509,Chandrapur,2204307,8239,961.42,71.62
MAHARASHTRA,20.04258346738159,78.05326371760479,510,Yavatmal,2772348,6094,952.41,72.96
MAHARASHTRA,19.209316983017,77.6829048951049,511,Nanded,3361292,7548,942.86,65.14
MAHARASHTRA,19.59525302245251,77.09239412780653,512,Hingoli,1177345,1221,941.87,67.16
MAHARASHTRA,19.31032425249168,76.70163338870431,513,Parbhani,1836086,3982,947.34,63.06
MAHARASHTRA,19.984612534818933,75.98473607242339,514,Jalna,1959046,3791,936.82,61.03
MAHARASHTRA,20.266912871287143,74.03824168316828,516,Nashik,6107187,45039,934.38,71.15
MAHARASHTRA,19.698767747440264,72.79882742564581,517,Thane,11060148,256170,885.76,74.39
MAHARASHTRA,18.51696171428573,74.12922881632647,521,Pune,9429408,235018,914.95,76.06
MAHARASHTRA,18.952353340080982,75.69319706477731,523,Bid,2585049,5614,916.12,66.48
MAHARASHTRA,18.348687268993856,76.75812607802874,524,Latur,2454196,6217,927.67,67.26
MAHARASHTRA,18.19459456066944,75.99495575313809,525,Osmanabad,1657576,3209,923.98,68.64
MAHARASHTRA,17.837357937584812,75.42394823609216,526,Solapur,4317756,15145,938.08,67.41
MAHARASHTRA,17.6737908974359,74.18052064102558,527,Satara,3003741,14093,988.12,74.1
MAHARASHTRA,17.210195070127703,73.25725893866404,528,Ratnagiri,1615069,7752,1121.96,74.26
MAHARASHTRA,16.170948049777163,73.51329008172343,529,Sindhudurg,849651,3517,1035.91,78.39
MAHARASHTRA,16.44881301587301,74.12897150793648,530,Kolhapur,3876001,22269,956.93,72.91
MAHARASHTRA,17.154930181086502,74.70713822937628,531,Sangli,2822143,13212,965.65,72.62
ANDHRA PRADESH,19.284513950073435,78.81321233480176,532,Adilabad,2741239,5512,1001.49,54.11
ANDHRA PRADESH,18.429485849056604,78.07523490566035,533,Nizamabad,2551335,5261,1040.02,54.47
ANDHRA PRADESH,18.515483193277312,79.43765428571413,534,Karimnagar,3776269,8831,1007.8,58.44
ANDHRA PRADESH,17.889304978038055,78.13778901903379,535,Medak,3033288,8635,991.61,53.97
ANDHRA PRADESH,17.38971555555556,78.46668888888888,536,Hyderabad,3943323,149034,953.52,73.34
ANDHRA PRADESH,16.639546224256293,77.98933089244859,538,Mahbubnagar,4053028,6153,976.71,47.88
ANDHRA PRADESH,17.113250515463907,79.16984453608244,539,Nalgonda,3488809,7715,982.53,57.36
ANDHRA PRADESH,18.01752608695651,79.87422028985509,540,Warangal,3512576,12952,996.6,58.79
ANDHRA PRADESH,17.683921325051784,80.67008643892335,541,Khammam,2797370,8628,1011.07,58.28
ANDHRA PRADESH,18.570900998697432,84.25874814010675,542,Srikakulam,2703114,3988,1014.64,55.32
ANDHRA PRADESH,18.28329696032972,83.45982854198873,543,Vizianagaram,2344474,4453,1018.53,52.82
ANDHRA PRADESH,16.782718320784902,82.2432074720511,545,East Godavari,5154296,22411,1005.81,63.8
ANDHRA PRADESH,16.63297943925236,81.45912990654196,546,West Godavari,3936966,12050,1003.63,67.37
ANDHRA PRADESH,16.143872753151673,81.14805061000413,547,Krishna,4517398,30438,992.35,66.63
ANDHRA PRADESH,15.884925767634847,80.58657614107885,548,Guntur,4887813,19383,1002.77,60.57
ANDHRA PRADESH,15.489039001601704,80.11665790176184,549,Prakasam,3397448,6151,981.29,56.05
ANDHRA PRADESH,15.43759715142429,77.90086836581717,552,Kurnool,4053463,10081,987.74,52.48
ANDHRA PRADESH,14.312065561843148,77.4601584478577,553,Anantapur,4081148,8606,976.83,56.63
ANDHRA PRADESH,13.33109263067696,78.92763898886037,554,Chittoor,4174064,13763,996.96,63.92
KARNATAKA,16.16107219152853,74.72329042357275,555,Belgaum,4779661,17560,972.57,63.85
KARNATAKA,16.15860676328503,75.64526070853468,556,Bagalkot,1889752,3745,988.98,58.92
KARNATAKA,17.950361730769224,77.19459961538459,558,Bidar,1703300,3971,956.32,61.21
KARNATAKA,16.050795353982295,76.87368606194688,559,Raichur,1928812,5200,999.78,50.8
KARNATAKA,15.651253271028034,76.1617048598131,560,Koppal,1389920,2135,985.81,58.21
KARNATAKA,15.507128256880746,75.64861302752298,561,Gadag,1064570,3373,981.9,65.77
KARNATAKA,15.343831376975173,75.13831264108359,562,Dharwad,1847023,15013,970.78,70.47
KARNATAKA,14.737582809224318,75.3961230607966,564,Haveri,1597668,2456,950.45,67.94
KARNATAKA,15.074377548209377,76.47228471074374,565,Bellary,2452595,9626,982.77,57.96
KARNATAKA,14.29102220394736,76.57821957236843,566,Chitradurga,1659456,5711,973.56,65.53
KARNATAKA,14.330414586709884,75.91723841166937,567,Davanagere,1945497,7320,972.32,67.26
KARNATAKA,14.063845885634592,75.17882078103197,568,Shimoga,1752753,8791,997.63,72.06
KARNATAKA,13.450404228534568,74.72009990316337,569,Udupi,1177361,9070,1094.46,78.69
KARNATAKA,13.425288289676422,75.67626502311249,570,Chikmagalur,1137961,4510,1008.32,71.91
KARNATAKA,13.592467760074973,77.02297966260545,571,Tumkur,2678980,7971,983.56,67.69
KARNATAKA,12.574901806239744,76.81570098522172,573,Mandya,1805769,3367,995.14,63.67
KARNATAKA,12.945098749999998,76.11049549999997,574,Hassan,1776421,4851,1010.28,68.97
KARNATAKA,12.39684468085106,75.79336595744688,576,Kodagu,554519,3308,1019.31,74.46
KARNATAKA,12.248100259403367,76.52881802853437,577,Mysore,3001127,28397,985.4,65.38
KARNATAKA,17.070459515951594,76.87503850385033,579,Gulbarga,2566326,9752,971.44,55.62
KARNATAKA,13.312799881235172,78.01376947743476,581,Kolar,1536401,5051,978.89,66.14
KARNATAKA,12.936827087794448,77.47369314775169,583,Bangalore Rural,990923,3729,946.15,69.51
GOA,15.548723418714054,73.80667997909038,585,North Goa,818008,23440,963.17,81.06
GOA,15.195278658183785,73.941792596877,586,South Goa,640537,17624,986.39,78.44
KERALA,12.33310309912974,75.07768497134369,588,Kasaragod,1307375,10378,1079.78,79.36
KERALA,11.941523076923056,75.35209891725934,589,Kannur,2523003,32653,1135.52,84.76
KERALA,11.715277464788736,76.07587007042254,590,Wayanad,817420,4712,1034.98,78.98
KERALA,11.392924270557026,75.71158720159153,591,Kozhikode,3086293,36791,1098.17,84.74
KERALA,10.97329875666072,75.93910775606876,592,Malappuram,4112920,27909,1098.08,80.51
KERALA,10.784926903553291,76.49980490693744,593,Palakkad,2809934,27162,1066.92,79.7
KERALA,10.458932647907687,76.12321940836945,594,Thrissur,3121200,56148,1107.83,85.82
KERALA,10.004879301987431,76.26957729035381,595,Ernakulam,3282388,88737,1026.72,87.0
KERALA,9.80480963855423,77.04586641566264,596,Idukki,1108974,8250,1006.07,83.23
KERALA,9.643701174068417,76.46059673302705,597,Kottayam,1974551,37849,1039.22,88.62
KERALA,9.542602965599087,76.38010796263319,598,Alappuzha,2127789,28842,1100.19,87.08
KERALA,8.929388820570157,76.6360775852431,600,Kollam,2635375,31542,1113.43,85.01
KERALA,8.537101759082221,76.88711502868073,601,Thiruvananthapuram,3301427,71621,1087.29,84.37
TAMIL NADU,13.275858101752885,80.19724702864492,602,Thiruvallur,3728104,75634,987.2,74.88
TAMIL NADU,13.058098905608748,80.28139151846806,603,Chennai,4646732,217368,989.32,81.27
TAMIL NADU,12.496424756511884,80.08820360135913,604,Kancheepuram,3998252,100322,986.26,75.37
TAMIL NADU,12.784882632293078,79.02643283582084,605,Vellore,3936331,20623,1006.6,70.47
TAMIL NADU,12.419318947368414,79.23265631578953,606,Tiruvannamalai,2464875,6445,994.41,66.0
TAMIL NADU,11.629324202127655,78.2478257978723,608,Salem,3482056,20660,954.49,65.64
TAMIL NADU,11.33766638477801,78.14624841437633,609,Namakkal,1726601,8960,986.24,68.12
TAMIL NADU,11.267012155963302,77.42034334862392,610,Erode,2251744,18604,992.93,66.29
TAMIL NADU,10.377801390820574,77.78011279554937,612,Dindigul,2159775,9155,998.06,68.61
TAMIL NADU,10.79532776617955,78.08749686847604,613,Karur,1064493,4915,1015.38,68.3
TAMIL NADU,11.260137758112096,78.86034011799416,615,Perambalur,565223,1507,1003.22,66.49
TAMIL NADU,11.190514836795256,79.22249643916912,616,Ariyalur,754894,1749,1014.65,63.67
TAMIL NADU,11.57587300613498,79.63002365371497,617,Cuddalore,2605914,15396,986.67,69.66
TAMIL NADU,10.789468161718286,79.79437299431483,618,Nagapattinam,1616450,5585,1025.3,75.04
TAMIL NADU,10.368927409395978,79.60322893959727,619,Thiruvarur,1264277,4416,1017.38,74.86
TAMIL NADU,10.387692255892237,79.3194869107745,620,Thanjavur,2405890,13495,1034.72,74.44
TAMIL NADU,10.130514816433578,79.05444484265728,621,Pudukkottai,1618345,4494,1014.9,68.62
TAMIL NADU,9.960306580645158,78.56535729032255,622,Sivaganga,1339101,5773,1002.63,71.67
TAMIL NADU,9.904313833333331,78.01366033333332,623,Madurai,3038252,34097,990.37,74.83
TAMIL NADU,9.924066666666668,77.43458833333332,624,Theni,1245899,4667,991.26,69.84
TAMIL NADU,9.468872195892564,77.87641469194315,625,Virudhunagar,1942288,10219,1007.1,72.02
TAMIL NADU,9.31286995153476,78.99185362412462,626,Ramanathapuram,1353445,5172,982.61,72.33
TAMIL NADU,8.183466300191206,77.32053064053538,629,Kanniyakumari,1870374,15673,1019.09,82.8
TAMIL NADU,12.300141200000006,78.11509813333339,630,Dharmapuri,1506843,3651,946.06,60.9
TAMIL NADU,10.871376995940452,77.07619012178621,632,Coimbatore,3458045,63273,999.68,76.23
PONDICHERRY,16.707695652173904,82.26187304347832,634,Yanam,55626,207,1037.51,70.6
PONDICHERRY,12.006420793787758,75.28275021570326,636,Mahe,41816,574,1184.4,87.22
PONDICHERRY,10.876161726078813,79.82369793621002,637,Karaikal,200222,1868,1047.07,77.37
